问题来源,模块,严重度,问题现象描述,原因分析,改善对策,经验萃取,
PVT,结构,B,摄像头偏心,"1.大公模项目设计公差累计为0.8mm
2.与客户标准未达成一致(亿道标准""不遮挡视角"",客户标0.35mm)","1.设计时需要完全定位摄像头,不使用治具/人为等矫正措施
2.在设计上针对偏心的同心度,要把公差琏做到最少
3.针对紫光项目标准定义为≤0.35mm
4.从项目开始立项与设计需提前定义偏心标准,以便设计按此标准进行≤0.35mm","1.从项目开始立项与结构设计需提前定义偏心标准
笔电 ≤0.35mm
平板 ≤0.30mm
2.前期与客户标准需书面达成一致",
PVT,结构,B,紫光客诉TF卡不防盲插,亿道公模项目并未定义防盲插,"1.在设计初期增加防盲插
2.针对以后带TF卡插槽的项目,需定义防盲插的标准并了解清楚产品是否能达到该标准,如不能达到,提前与设计人员沟通
3.TF卡插口增加骨位挡墙",前期设计时定义接口防盲插标准,
PVT,结构,B,摄像头物理开关跌落测试时断裂,"摄像头物理开关凸出较高(0.7mm-0.8mm)且面积较小,跌落时受到冲击力集中且很大",摄像头物理开关降低凸出C壳高度至0.3mm~0.4mm(实测:0.7~0.8mm),"1.建议物理开关C壳位置做凹槽设计-->如图



2.建议设计时物理开关凸出C壳高度0.3mm~0.4mm",
PVT,结构,B,外观检验发现MIC堵孔（MIC 孔内可见内部泡棉）,"1、MIC泡棉被挤压变形、泡棉孔不规则导致
2、临时方案:MIC 泡棉黏贴在B壳上,孔对准B壳录音孔",1、修改MIC泡棉孔尺寸由原来1.2mm扩大到1.4mm、6/1号验证25PCS，均PASS. ECN自然切换,"
1. 泡棉材质选择压缩量偏小
2. 研发设计MIC孔泡棉尺寸比MIC孔大0.4mm",
PVT,结构,B,电源键漏光 暗环境较明显（安全锁孔位置漏电源灯光）,"1.遮光泡棉黏贴偏位、SOP规范黏贴泡棉位置
2.遮光泡棉设计为1字形、两边有漏光未完全挡光","
遮光泡棉由1字形装、修改为凹字形已改善漏光问题




","研发设计电源灯遮光泡棉为凹字形完全遮挡灯光外漏光现象




",
首单,结构,B,转轴开合最大180°发现左右两边不对称，确认为左边转轴最大角度不能达到165°,"厂商未按照图纸生产,导致转轴轴筒卡止位冲切尺寸无法满足180°","1、结构确认样品测量角度是否满足图纸要求
2、试产过程中检查转轴角度，需放桌面确认左右两边是否对称","1. 结构重点关注转轴轴筒卡止位冲切尺寸，是否满足转轴的设计角度
2.转轴角度为180°~360°的产品，检查转轴角度180°开合最大在桌面确认左右角度是否一致",
首单,结构,B,触摸板下陷段差超出Spec (标准：0.55mm 实际值：0.6~0.7mm),"C壳触摸板弹劈位置向下变形导致、临时措施增加0.15mm泡棉






","修模改善:将C壳触摸板弹劈缺口位置，加胶改善。

","1. 结构开摸前评估C壳触摸板弹劈位置变形的影响，并定义变形度的管控标准
",
售后,器件,A,USB对插后有馈PIN、无功能不良,"1、对成型后产品弹高作确认,标准为0.4-0.7mm,实测为0.64mm,偏上限.
2、再对塑胶模具作确认,发现注塑成型过程中端子压料存在间隙,端子没有被夹持固位,成悬空状态.导致注塑成型时端子根部受压偏移或者歪斜,导致成品部份弹高偏高,与塑胶台价面平齐.


","1、修改模具工件，将零件针对 4PIN 弹片端子落槽位置加.31mm的台阶，直接夹持端子无间隙，固位。
2、对端子弹高管控尺寸作优化调整，降低0.05mm,由原来的1.75mm调整到1.70mm",选取弹片尖部埋入塑胶的USB物料、设计上防溃PIN,
PVT,结构,B,LCD最大角度过压到7-9N，B壳转轴卡勾开裂（标准未定义）,AB壳转轴下侧扣合量偏小,修模改善：修模AB壳卡扣加胶改善,LCD最大角度过压测试标准1kg,
PVT,物料,B,AG958项目生产海盗船客户Perkey键盘灯光效果(混色模式颜色偏浅),"供应商贴片将8组三极管位号交叉贴错导致
正确位号为：
3SIH：Q1 Q3 Q5 Q7 Q9 Q11 Q13 Q15
E1N5l：Q2 Q4 Q6 Q8 Q10 Q12 Q14 Q16","1、临时用主板制作简易治具做检验9种灯光效果
2、研发提供键盘灯光FW，厂商制作治具产线导入及出货检验","1.带背光的键盘，需提供样品至供应商,整机至SI厂,做对比参考
2.供应商需根据样品制作专用检验治具",
PVT,测试工具,B,测试工具上只能测87个按键，958机器实际有102个按键,使用通用按键工具与958机器不匹配导致,优化测试工具按键已匹配AG958项目102个按键,凡是新项目确认测试工具是否能覆盖到所有按键,
PVT,结构,B,TP按压异响,"1.前后壳之间止口配合位太少,支撑面太小,配合面间隙偏大
2.前壳强度太弱,前壳变形后形成空位
3.喇叭位置结构强度弱,没有反插骨管控形变
4.前后壳没有做到管控尺寸","1.增加前后壳配合胶位，保证结构强度
2.在喇叭薄弱部分增加结构支撑
3.前后壳尺寸公差带要匹配，更改前后壳尺寸公差带","1.后续这种半包围结构设计中，要注意前后壳配合胶位不能留太少，结构强度要有保证
2.在薄弱部分要适当增加结构支撑，管控产品的变形
3.前后壳尺寸公差带要匹配",
PVT,结构,A,P-SENSOR失效及距感变化,"1.结构设计生搬硬套旧产品结构方案,换新器件后未根据新器件要求让供应商重新评估方案可行性
2.P-SENSOR组件FPC厚度比设计值小,导致距感胶套与TP接触面两孔没有完全密封
","1.与P-SENSOR供应商检讨，严格按照供应商的规格书指示大小、位置、透光率来开窗修改TP开窗
2.增加P-SENSOR厚度补强板背胶厚度，使胶套与TP面、胶套与IC面密封需要完全密封","1.在结构设计时，TP开窗严格按照P-SENSOR规格书上定义烦人大小、位置、透光率来开窗
2.胶套与TP面、胶套与IC面密封需要完全密封",
PVT,结构,B,TP贴合后轻微按压出现严重水波纹，四角更加严重,"1.LCD屏是软屏,按压易起水波纹
2.盖板厚度0.55mm,整体强度偏差
3.TP为GFF贴合工艺,SENSOR支撑强度不够",结构优化多次，TP+LCD选型客户不同意变更，此问题无法改善。客户接受目前水波纹效果。,针对客户器件选型对可靠性测试有影响是，需提前告知客户风险，重新定义标准,
PVT,结构,B,摄像头马达共振产生喇叭杂音,"摄像头为对焦的自带马达,马达是活动的,摄像头与喇叭的距离太近,产生共振影响",临时在喇叭底部增加泡棉以减少摄像头与喇叭共振（此项目为公模项目改模，无法修改喇叭与摄像头位置）,"1.在结构前期规划评估时，一定要考虑元器件之间的影响
2.结构设计时摄像头尽量远离喇叭",
EVT,结构,A,触摸板的弹性弱,"D壳内衬触控板区域有两个进胶点顶到C壳,导致按键的行程缩短,产生手感不良","C壳进胶口修模更改位置
",后续设计时对塑胶壳进胶点的位置进行结构评审，评估是否对组装有干涉，空间上要对进胶点进行避空,
MP,结构,B,在比亚迪生产过程中，发现耳机孔位置有5%的掉漆,"耳机和耳机孔的同心度有一定的偏差,插拔过程中耳机金属端会磨损到耳机孔的侧边
","耳机孔扩大，由原来的耳机3.9mm 扩大孔径为4.4mm
",ID设计时C壳开口直径设计比耳机座子的直径大约4.4mm~4.5mm数值,
DVT,硬件,A,DVT阶段浪涌测试fail,"硬件上设计抗浪涌测试缺陷
","改layout增加TVS管；改板2片，浪涌用测通过

","1，EVT就要浪涌测试摸底
2，各领域充分评估客户标准，风险项评估加入到NUDD，设计优化持续跟进其关闭
3.作成硬件评审LL和评审check list,后续每个阶段发板前会做相关LL评审。",
售后,器件,A,充电器不充电,"印度市场电压不稳定,高峰电压超过380V,导致充电器被烧坏,电容耐压不足损坏","改善：
1、压敏471，由现在的470V改为561（耐压560V）;
2、两个电解：C1由原来的56UF/450V改为39UF/550V；C2由原来的33UF/450V改为27UF/550V;
3、X电容：由现在的275（275V）改为440V
4、MOS管:由原来的750V改为800V;

",硬件选取适配器规格时需要考虑到产品的市场，如印度试产和非洲市场电压不稳定的情况，选择元器件的耐压性能搞的器件；,
售后,软件,A,屏幕闪屏,"微软补丁更新过程中驱动安装异常,用户驱动未安装完整意外关机导致.
分析过程:开机过程中系统自动更新了且自动更新过程还存在闪屏现象,更新完成后闪屏异常就消失,驱动推送更新.重装亿道提供OS后OK.",重生刷OS系统进行恢复；,系统设置温馨提示：系统更新时，必须等待更新完后再进行关机，不要手动强制关机。,
售后,软件,A,屏幕蓝屏，且不稳定,"1.压测过程中未复现,初步分析为DDR个体单体不良.
2.跑memorytest测试工具过程报错
3.分析结论:DDR物料不良","
增加工厂出货前的拦截策略，在工厂测试老化测试中增加跑memorytest测试，工厂已导入
","
1，研发在前期验证DDR时，增加测试覆盖，充分评估DDR性能稳定性
2，工厂老化测试增加跑memorytest测试",
PVT,器件,B,"1. 机器在低温-10℃无法正常开机,卡死在开机界面
2. 机器在低温运行时无法充电","电池温度保护策略:
1.-20°C~0°C的时候,电池最大的输出是0.2C,没有办法达到设备所需要的功耗
2.低温下电池仅能放电,不能充电",客户接受此现象，维持现有设计,DQE在项目物料选型时需确认电池单体的设计温度规格，评估是否符合整机环境可靠性测试的要求,
Lot0,器件,A,键盘灯丝印透光不均匀,"直接使用迭代项目的键芯,原始结构设计铝板背面的结构没有破孔,遮挡了镭雕字符,导致出现100%部分字体透光不均及不透光异常","1. 临时对策：针对目前已组装的成品物料，无解决方案；
2. 长期对策：将现有铝板结构、背光模组的导光点区域对应铝板字符的区域进行镂空处理","1，在项目物料选型时需要确认客户对键盘背光效果的标准
2，EVT需与客户确认实物效果，签实物样品，并将实物样品给到供应商及组装厂用作对比参考",
Lot0,结构,B,"屏幕黑边显示不均匀,左右黑边差达到1.0(标准0.5)","结构按照单一PANEL进行设计,因用不同PANEL组装,不同型号Panel存在尺寸上的差异,导致组装时屏偏位",在左侧和上侧增加限位硅胶,在选型不同LCD时，结构需确认LCD尺寸是否与A壳设计匹配,
Lot0,结构,C,插充电器转轴处透光,"之前试产一直用的黑色壳料,在转轴位置无漏光现象,所以未进行遮光处理,Lot0换成白色壳料后出现透光",主板增加遮光麦拉,对所有颜色的壳料均需关注壳料透光度，确认是否会影响指示灯透光,
Lot0,ID设计,A,"BC壳接触面B壳掉涂层,表现为B壳发黑,C壳有压痕",",",B壳过UV处理,"1. 产品ID设计时尽量选取带脚垫方案，规避BC壳盒盖产生压痕
2. 塑胶壳表面工艺，建议PU三涂，或者UV",
DVT,器件,B,"前壳外观效果差,浮纤严重","1、塑胶材料增加20%GF，成型后外观面易浮纤
2、外观面为高光面 且为全塑胶结构 ,浮纤容易显现出来
","
1.外观面更改多种材料仍然无法满足，已经重新嗮纹， 高光面更改为纹面。","
塑胶材质增加玻纤超20%以上时，表面不做高光面设计， 做纹面或者做表面工艺处理。",
DVT,结构,B,"卡座在试产中有出现不挂卡现象(SIM 卡插入无法锁住),不良率:6/400=1.5%",卡座V形槽轨道阶梯高度一般是10-15个司，底壳与卡座压紧没有空间，受压时卡座内滑块V形槽轨道出现损坏，弹簧在测卡时无法回位V形槽，导致出现无法挂卡现象。,"

1、电池盖T卡座位滑轨位置减胶0.3MM避开滑轨 
2、卡座滑轨不能被压紧 ，结构设计T卡座与底壳之间需要有0.3MM以上空间","

结构设计T卡座滑轨位置与底壳之间需要有0.3MM以上空间",
DVT,结构,B,黑屏及屏幕无法显示,FPC 未装好（前壳 LCD FPC穿孔壳体和LCD底部落差比较大，FPC 移位）,"1、壳体减胶0.4MM 减少落差
2、FPC 出线附近如果有台阶需要减少落差，或者做平滑过渡","
 FPC 出线附近如果有台阶需要减少落差，或者做平滑过渡，避免FPC 移位。",
DVT,结构,A,"生产Logan 10.1 Lite WIFI,外观位检出TP翘/搭边异常,不良比例15%.","

1、3D设计值间隙单边及R 角为0.08mm 偏小，壳料极下限及TP上限时候容易出现R 角搭边
2、  TP规格超出上限长0.01--0.03mm，宽0.01--0.07mm、R角位置多料0.01--0.17mm图纸未标示R角","
1、供应商用治具挑选下限TP产品使用
1、优化整机间隙值变更为 R角增加到0.13mm。","

优化整机TP间隙值设计  R角间隙增加到0.13mm。",
MP,结构,A,"机器单卡功能,卡托模具刻字为双卡100%","
1、卡托只有卡帽部分是新开的，卡身是共用的公模，字符是公模上自带的
2、测试未发现，试产未有提出","1、模具改模,安排重新签样。
2、测试及品质首件需要按照卡托是LOGO 装卡验证，如果标示SIM /SD两种卡都要验证
",模具开模时确认卡托字符与功能一致,
DVT,硬件,A,OBA全检:前摄像录像闪屏,"1、屏排线阻抗与摄像头不匹配
2、增加电磁膜阻抗偏小","
1、设计上屏排线与摄像头差分线阻抗要匹配 
2、如果排线增加电磁膜注意确认阻抗
3、已经生产产品可增强摄像头驱动力后已验证可解决摄像头界面闪屏问题
",屏排线与摄像头差分线阻抗要匹配,
EVT,结构,B,"耳机接口+/-Y、+/-Z 、X轴向测试5Kgf,拆机后发现耳机接口引脚松动和脱落现象,不满足客户要求",1、耳机座位置结构限制不能增加钢片加强结构,"1、安排点胶验证也只能满足到5Kgf
2、客户综合评估后接受",对于高要求推力达5 kg以上 需要预留加强钢片位置,
EVT,结构,B,雨淋测试75°不过,"1、产品按照IP52设计不满足客户要求，整机内从耳机座耳机孔处进水导致屏背光内进水，屏水印后屏内呈亮块不良现象。
","1、加大耳机座麦拉，满足IP52 15°雨淋测试
2、同类型产品摸底也不能满足向客户申请特采","1、对于防尘防水级别高要求外接IO口都要预留硅胶套位置
2、评估客户标准时候需要关注查看IP等级细节。 如：75雨淋°不属于常规IP52要求 ",
EVT,结构,B,粉尘试验:闪光灯及后摄进尘,"
1、后摄泡棉预压不够，后摄镜头无密封住，导致粉尘试验时粉尘进入后摄视窗区域。
2、闪光灯上表面没有背胶或者辅料密封导致有间隙","1、后摄使用厚度0.5mm的泡棉
将闪光灯罩上表面增加背胶0.1MM 

","1、有防尘设计要求时，后摄像头视窗设计需要可靠的密封结构，保证结构的预压量，尽量预留0.3mm的泡棉空间，使用厚度0.5mm的泡棉。
2、后闪光灯需要做密封结构，可以用背胶粘合或泡棉预压等密封方式闪光灯罩上表面需要增加辅料，建议尽量使用泡棉密封效果更好",
DVT,器件,B,"温度变化试验,电池失效",电池拆机检查保护板 C1电容表面UV胶未完全覆盖，外观确认有明显裂痕和热熔痕迹，故基本锁定漏电来C1电容受外力开裂，可靠性后面经高温高湿水蒸汽进入裂缝，造成C1短路 查询 电池为样品线生产未有CCD检查。,1、湿度要求≥95%电池设计上 保护板打胶由UV胶改成Underfill黑胶全覆盖 效果更好（主要防止水汽）,耐高湿电池设计上保护板打胶由UV胶改成Underfill黑胶全覆盖 效果更好（主要防止水汽，方便检查）,
DVT,结构,A,OTA天线试验数据不达标,"

天线装饰件点胶未避让天线走线部位，组装时胶水对天线造成挤压变形，影响OTA数据","天线在底壳与装饰件之间的这类方案是要避开天线点胶的，后续需要加入结构设计点检表，避免类似问题出现
","1、结构设计时天线贴合面需设计为平整面，不允许有凹槽和高度落差的台阶，开槽减胶优化缩水需避开天线贴合面位置
2、针对天线位置任何修改和工艺变更都要与天线工程师详细认真确认，要求天线工程师出评估报告。",
PVT,结构,A,"实测带皮套数据,对比不带皮套的OTA数据,GAP最大偏差有4dbm左右","皮套的材质与其厚度对天线性能会有不同程度的影响；（一般手机 套厚度1.0mm， 平板厚度较厚1.8mm）
皮套未及时提供给RF验证，致皮套改善方案未及时整改导入；
","1、对GSM900传导做功率提升，即目标功率32.5dbm，提升至33dbm；

2、对皮套内侧面做局部CNC减薄处理，即由1.8mm厚，局部CNC减薄至1.1~1.2mm厚","1、皮套整体需要尽量做薄
2、天线区域部分，皮套需要做筋骨支撑，做适当避空的方案；
3、皮套评审需要 结构设计RF/ID一起参与评审；
ID方案确认后，启动手板打样，样品RF测试，输出测试结果",
DVT,结构,A,雨淋测试:音量+键失灵,实验试验过程中，按键有进水。按键分析时发现麦拉胶防水位置偏窄，图纸要求0.31、对该位置进行测二次元测量尺寸（实际在0.177）。,1、锅仔麦拉设计要把包边麦拉到外形边位置延长大于1.5MM、反包边做全包。,锅仔麦拉设计要把包边麦拉到外形边位置延长大于1.5MM、反包边做全包，有利于防水。,
DVT,结构,A,组装钢片扣位易脱落(BTB保压钢片的一端固定桥易掉)不良率：7.11%,"1.焊盘面积小；
2.EVT板子人工焊接，PCBA吃锡面小。","1.钢片吃锡焊盘面积加大;
2.加大PCBA焊点接触面。
3.增大PCBA焊盘面积，由0.45mm加大到0.75mm；",凡是基于PCBA固定桥设计需充分评估焊盘面积,
DVT,结构,B,按键FPC加工定位存在偏移不精确、不良100%,按键FPC定位不精确，设计无定位孔,"1.修改按键FPC板外形与壳料贴合平行；
2.增加按键板定位柱；
",基于按键FPC板设计要考虑固定柱或增加壳料定位基准,
DVT,结构,B,"喇叭导线焊点与喇叭太近,烙铁头容易烫到喇叭及边框",空间过于紧凑,"加大喇叭导线焊点与喇叭本体距离
PCB硬件改喇叭焊盘位置加大与喇叭本体的距离(勿靠太近）。",焊线式喇叭-PCB焊盘与喇叭本体应预留足够的距离(考量到作业员可操作性）,
DVT,结构,B,6/30接HMD客户QPM反馈收到样机摄像头镜片方向与在DVT2产线看到摄像头镜片方向不一致。经排查做可靠性测试样机130PCS摄像头镜片方向错误,"1.设计上无防呆
2.检验文件及SOP中没有要求检验内容","1、摄像头镜片设计呈对称结构，安装时结构不防呆，存在装反风险
2、华辉模厂及TCL制作不良图示做外观检查",凡是带有摄像头镜片设计成对称结构、设计产品、做防呆防错法设计,
DVT,结构,B,组装时小板FPC座子垫片会压到喇叭导线,喇叭导线没有线位槽,喇叭导线需要预留线位槽，便于走线。,基于有导线的本体器件设计时要预留线位槽便于走线。,
售后,结构,A,转轴断裂,"技术根因：
1、转轴固定支架折断力设计标准（SPEC：12kgf.cm）不满足整机系统需求。
2、转轴的材质选型,锌合金材质压铸成型的固定支架强度不足；
3、固定支架开孔过多导致强度减弱
管理根因：
1、研发阶段可靠性测试的样本数量少，无法充分暴露此风险问题；
2、此项目针对转轴可靠性标准要求摇摆20000万次，标准要求不足；
3、项目量产阶段未安排ORT例行可靠性测试，无法提前暴露此问题。
4、此项目研发时未有效进行风险识别，未识别到锌合金强度不足及开孔过多问题。
","短期方案：
转轴锌合金支架修模增加受力强度，锌合金固定支架整体加长加宽：（左转轴由30*13.4mm增加到30.2*13.6mm；右转轴由30.9*13.4mm增加到31.1*13.6mm）；靠近转轴位2个螺丝孔缩小（直径5.5减少为5.3mm）
长期方案：
a.转轴选型方面选择抗断抗破坏性强的材质，比如钣金件
b.研发阶段可靠性测试增加样本数量，原测试2pcs,增加到4pcs,同步增加极限测试用例 标准25000次，极限40000测试摸底；
c.如果有转轴外观上面需求必须选择锌合金，前期设计的强度的余量设计上要充足；
","经验提炼：
1.设计前期将转轴强度加入的设计风险评估checklist
2.后续新项目在转轴选型上面，转轴材质选用钣金材质（目前除X1项目是锌合金外，全部采用的是钣金材质）
3.将转轴测寿命测试作为ORT例行测试项并按照每20K或每2个月执行抽测；
",
售后,物料,A,SSD不读盘,"分析结论
SSD主控抗应力应变性能不足：江波龙SSD主控尺寸大，且又无点胶加固，主控位置在运输及长时间使用过程中内应力不断产生与释放，最终导致主控焊锡锡裂，从而导致SSD产生不良；
","改善方案：主控及FLASH器件四角增加打胶工艺，增强器件位置强度；
验证结果：通过加严后的bending测试，同步对比验证，打胶验证OK；
验证条件:  江波龙采用的是行业内最严的bending 23N测试的基础上加严到30N；",,
MP,物料,A,"指纹识别模块失效,不良率:13/123=10.57%","1.供应商出货时出货数量不足从仓库直接领料出货，仓库库存物料为Windows测试工具测试。
2.windows系统设计，用windows用户测试工具测试后，再用在其他系统上将无法识别和使用。
","1. 更新工厂的指纹测试工具，后续此款指纹芯片的一律使用   FPSensorTest_FT9368测试工具；           
2.后续订单少数，拿库存产品补数，须经过品质人员确认，才能出货",后续国产化平台开发阶段，需将相关信息传递给指纹模块供应商。,
MP,物料,A,"OQC抽检发现,不插电源不开机现象1/8=12.5%","1.产生原因：硬件分析怀疑二级管CR9虚焊导致，维修前可100%复现。二级管重焊后重复测试30次，未发现异常。
2.流出原因：前期SMT及组装测试时为先插电源再开机，开机后再拔电源机单独电池供电机器不会关机，导致此不良未能拦截出。","1.将此异常反馈给SMT厂商，生产时重点关注。
2.后续SMT及组装段更改测试流程，要求测试时需先电池供电开机，再接入电源测试其他项目。",笔电测试SMT及组装段测试流程，要求测试时需先电池供电开机，再接入电源测试其他项目。,
MP,软件,A,"产测工具测试电池容量异常,设计容量67.56Wh,测试时容量不足,不良率3%",该现象是在拔插电池后不接适配器开机时概率出现，是由于电池初始化时概率性读不到电池设计容量，,优化EC，新EC中在电量计初始化过程中增加了确认电池设计容量的功能，可确保开机时已读到正确的设计容量。,EC设计时，在电量计初始化过程中增加侦测电池设计容量的功能，以保证产测工具测试容量正常,
EVT,结构,A,"EVT阶段客户反馈样机有严重漏光问题,经DVT试产确认,漏光问题为100%","1. 此项目屏选型为IPS屏，受到外力后极易出现漏光现象
2. 屏单体来料已出现漏光，DVT试产时收集数据约52%超出ND8%标准
3. EVT/DVT阶段使用夹子进行保压，存在胶路保压不均导致屏粘接力不均的风险
4. 屏组件采用点胶工艺，点胶、保压制程的波动会导致屏受力不均匀产生漏光","1. 拉通屏厂分析单体设计，通过变更粘LCD面的双面胶为门字型改善单体漏光效果
2. 调整屏下支撑泡棉尺寸及位置，使屏与A壳受力更均匀
3. 增加保压盒治具，以保证胶水固化时处于均匀状态
4. A壳点胶面内侧增加塑胶骨位，防止胶水溢到内侧屏上，同时平衡玻璃受压时的压力
5. 将点胶方案变更为泡棉胶方案","1. 若项目选型IPS屏，需在结构评审阶段提出避免用点胶方案，按现有物料公差管控及制程能力管控，很难保证一致性，会导致漏光无法彻底改善
2. 若因ID/结构受限必须要采用点胶方案，需提前验证如下对策：①将IPS屏更换为更耐外力的屏，如led屏；②评估增加玻璃盖板厚度以增加屏的强度，≤0.5基本无法满足要求；③需在EVT阶段开始进行治具验证，避免治具验证不充分导致影响试产/量产进度",
DVT,结构,A,"Zero项目DVT阶段可靠性测试时,客户反馈振动测试后A壳脱胶,2F/2T,不良率100%","1. 排查壳料达因值符合要求
2. 排查点胶胶路、胶路压合符合要求
3. 进一步排查振动不良机器为做完温度变化后进行测试，分析环测后胶水粘性下降",A壳五金与塑胶bonding区域增加镭雕以加强粘性，经验证效果ok,对于环测/机械测试要求高的项目，在结构评审阶段需要求五金与塑胶bonding区域增加镭雕以增加粘合力,
DVT,结构,B,"DVT阶段跌落试验后转轴盖变形造成D壳干涉外突,转轴盖左侧卡扣松间隙0.3mm","1.转轴盖卡扣松，扣合量不足
2. C壳变形内凹，结构强度受限","1. 转轴盖扣合量由0.35改到0.5
2. 针对C壳变形内凹，增加一个塑胶件bonding在转轴处支撑","1. 未避免转轴盖制程/可靠性松脱，需在设计前期评估转轴盖扣合量（参考值：0.5）
2. 对于有跌落要求的产品，需在不影响结构干涉的前提下增加塑胶骨位以增加五金强度，尤其是转轴位置",
DVT,结构,A,"DVT阶段客户反馈送测的样机测试后屏不显示,连HDMI也无显示","1. 电源5V短路，再次定位为风扇电源对地短路，风扇拔掉就正常了
2. 通过单体测试，功能、噪音及转速、电流都没有问题都在规格内，但出现导线压破皮现象
3. 反向验证，将正常机器的风扇故意弄破，不良现象复现","1. C壳风扇出线槽单边加大1.0
2. 风扇出线口位置左右侧加刻度线，保证线材出线位置不偏斜",结构评审阶段需确认风扇出线在极限情况是否会与C壳干涉，可以通过以下两个方案增加余量：①增加C壳出线槽宽度；②规范风扇出线位置要求（如缩小刻度线范围、醋酸胶布外移至与风扇边缘相切），尽量缩小cable线活动范围,
PVT,ESD,A,客户PVT反馈ESD测试时8kv耳机接口卡死,"1. 导电海棉的阻抗全部不达标（10-30Ω），我们要求是0.5欧以下；
2. C壳有一个TyPe-C底下没有镭雕，影响到贴上去导电海棉不导通","1. 要求壳料全部按要求增加镭雕
2. 将不良物料退供应商，重新取阻值合格物料进行复测确认","1. 壳料若来料自带导电泡棉会遮住镭雕区域，在研发阶段需仔细检查壳料是否有漏镭雕
2. 制定导电泡棉阻值管控方案，放置后续出现批量ESD不良",
PVT,结构,A,PVT机器出现摄像头打不开问题,摄像头排线表面有贴装元器件，需要用美纹胶纸贴附元器件上防护，PVT制程有漏贴的导致出现不良,后续已要求排线来料增加绝缘麦拉胶纸覆盖元器件,对于产品使用的排线（摄像头、屏、指纹、小板等），若表面有元器件裸露，需增加绝缘胶纸进行防护，避免发生短路问题,
EVT,结构,A,"EVT发现测试机器接TypeC适配器一面能充电,另外一面无法充电,不良率6F/11T",D壳导电泡棉影响，导致typeC与D壳短路,"1. 增加绝缘麦拉胶纸
2. BYD测试工具可以同时测试两面功能，有防呆效果","1. 针对主板/小板上的绝缘麦拉，需有明确的定位或限位标志，避免员工未贴附到位导致出现不良
2. 针对typeC接口，需评估双面测试方式，避免出现单侧不读不良流出",
PVT,物料,A,"TP划线断线不良,不良率75%","1.TP供应商中升鸿为PVT临时导入，未经过研发及试产小批量验证。
3.不良品退回供应商镜检发现为银浆批量异常导致。","1.更换供应商，重新使用之前供应商晶冠宇.
2.客户端机器全部退回重工TP.",新供应商导入时需研发确认及小批量试产，无问题再批量导入,
PVT,软件,A,面壳更换喷涂工艺后触摸灯失效,为改善喷涂遮光效果，壳料加喷2层油漆以达到ID效果，油漆带金属粉，多喷一层后造成干扰导致触摸灯条功能失效。,"1.ID现场跟进新面壳喷涂效果，测试确认面壳效果不影响触摸效果再生产。
2.异常机器重新更换面壳",对应产品表面处理工艺对产品功能有影响时，需测试/硬件等部门评估确认。,
PVT,软件,A,"联网后机器时间不同步,导致机器语音唤醒概率性失效","1.NTP服务器设定为欧洲服务器，延时严重
2.语音唤醒由语音算法商做绑定需要校验系统时间，系统部分未及时检验成功会出错","1、NTP服务器设定为国内阿里服务器，避免延时
2、增加服务器连接失败后重连机制
3、缩短服务器连接的时间","语音交互设备需考量以下点：
1、NTP服务器考量国内阿里服务器，避免延时
2、增加服务器连接失败后重连机制
3、缩短服务器连接的时间",
PVT,软件,A,测试工具不能识别单MIC功能不良,1、双MIC数据是通过深聪处理输出,1、调用客户实现的深聪SMIC的数据,,
PVT,软件,A,"触摸灯滑动过程中或停顿一段时间后再触摸偶现无触,getevent无报点,示波器无波形,再次触摸几次易恢复正常.","1.干扰较大影响滑条触摸值，导致边缘不灵敏
2.休眠唤醒时间过长，未自动切换刷新base","1.更改点线稳定值，增加射频抗干扰处理。
2.打开monitor mode自动切换及时刷新base值，",触摸灯条灯新器件使用时，内部无法通过常规结构/软硬件优化时需尽早要求供应商FAE介入分析。,
PVT,硬件,A,ESD测试时机器死机花屏,产品底部固定螺丝离主板太进，对螺丝放电会电击到主板,主板加接地将静电引至86盒,对于中控产品ESD测试过时，可考量主板加接地将静电引至86盒,
PVT,结构,A,可靠性测试，高温存储后机器壳料变形,一体机机器自身重量较重，高温存储时，壳料受热强度变化,塑胶原料更换由ABS变更为ABS+PC，重新测试OK.,"对于大体积大重量产品，结构设计时需考量高温条件下材料强度,结构设计时要加强",
PVT,结构,A,一体机供应商提供结构间隙标准过严,此产品结构为供应商设计，供应商对装配经验不足，定义结构间隙段差标准过严格,结合试产测试数据及结构配合，与结构重新定义标准,"对于模厂设计结构产品,相关结构间隙段差标准制定时需参考实际测试数据与结构设计定义.",
PVT,测试,A,给客户测试用例中遗漏异常掉电测试,之前笔电产品中此项测试并未在每个阶段的测试中都测试，最终版的测试报告中漏测此项,按照客户要求重新安排补测，提供报告,"对于无内置电池产品,需重点考量异常掉电测试.",
量产,测试,A,进用户模式解封过程中选择非英语语言出现关机黑屏,OS加工镜像的机器里面少了一条.4补丁的参数,"1.优化加工镜像电脑脚本，记录加工镜像脚本运行log  ，加工脚本增加错误输出参数，异常会记录在log，用于加工后检查镜像无异常再开始使用。
改善前：只做在加工的命令行做check，但是没有留log；  
改善后：会记录所有命令行，产生一个log并进行检查；
2.加强OS工程师对脚本的管控，更新脚本后及时共享，脚本按照已有规范更新验证没问题后会释放到服务器
改善前：只是个人验证脚本没有问题后正式使用；工程师自检后使用；
改善后：自己改了验证没有问题的脚本共享到服务器，工程师自检后  增加主管级别审核；","新机型OS做出来后需要样机进行验证，制定验证规范:
1.验证团队:研发+工程
2.验证阶段:PVT前完成OS验证
3.验证数量：30台
4.选择语言：选择4种语言（包含英语）",
量产,测试,A,耳机单声道无声,"SMT分析：
1.确认不良均为耳机座PIN脚焊接连锡不良；
2.此试产贴片时因耳机插孔位置破孔设计，造成印刷大面积连锡，亿道工程要求空贴后安排外协手焊；
3.小板功能抽测，未覆盖到导致不良漏拦截
4.目检只对抽测部分全检外观，入库QC抽检未全部覆盖导致不良流出。

产生原因：
1.贴片时耳机座位置破孔设计，亿道工程要求空贴后安排外协手焊导致焊接不良。
流出原因：
1.因小板功能抽测，目检只对抽测部分全检外观，入库QC抽检，未全部覆盖导致外观不良流出。","1.试制中存在制程问题，由工艺及品质评估是否能克服生产。非紧急情况，需解决完成才允许生产。
2.手焊器件执锡员工需自检合格。工艺制定OPL指引执锡、目检员工注意事项及要求。
3.针对小板特殊工艺，评估增加抽测比例或全测，全检拦截不良。
4.长期改善：耳机座子改改设计，采用贴片工艺，贴片后100%进AOI检验；",此次耳机因为改设计导致 耳机座子SMT工艺上采用贴片有干涉，导致耳机座子采用手工后焊接，后续设计上的ECN需要经过内部SMT工程评审后OK 后才能导入；,
量产,测试,A,C壳多划伤,"1.现场确认为USB口边缘划伤，根据此现象确认为USB口插拔过程中刮蹭造成；
2.根据不良制成排查在DL1、FCT、DL2工位均需要插拔USB，模拟不良使用USB插拔如斜插斜拔会刮蹭到C壳USB口而导致掉漆，正常垂直插拔不易刮蹭到USB口，因此确认为员工作业手法错误导致；","1.重新培训员工操作技巧和手法，跟进作业效果，要求员工严格按照SOP要求进行自检。
2.长期对策：壳料来料导入防护美纹胶纸；",,
pre-MP,结构,B,"转轴开合最大角度后受压会出现异响,不良30%",开合到最大角度后继续施加压力会导致C壳出现变形，与D壳挤压、摩擦产生异音,"1. 結構下過許多對策，可以有效防止異音，但能會使得外觀cosmetic 間隙超spec，故临时放寬加壓Spec，由1kg→0.6kg。此批整機waive
2. 同步修模C殼&D殼轉軸處結構加強支撐強度，防止因過度加壓產生C & D 變形","1. 结构评审时需增加评估转轴最大角度继续受力壳料的形变情况，增加结构补强防止壳料变形、互相挤压
2. 试产阶段需进行转轴过压测试，充分评估用户使用机器过程转轴、结构的可靠性",
pre-MP,测试,A,"前摄检验时发现在白底背景下有白色噪点,不良率30%",摄像头单体的sensor有坏点,"1. 短期对策是导入优化后的摄像头F/W 来改善；
2. 长期对策厂商回复是使用另一款型号MTDS491 摄像头来导入，这款摄像头是修改了DSP, 其他都没变，结构都一样",前期摄像头调试时需要求测试在不同底色环境下进行测试确认,
pre-MP,结构,A,"包装时发现开关按键出现卡键,不良35%","1. 五金与塑胶同心度偏移超SPEC0.2
2. 按键定位设计公差余量不足，按目前定位设计同心度未超SPEC也会导致卡键",电源按键支架去掉定位功能,"1. 结构设计评审时充分评估热熔偏位公差与按键定位公差累积是否会导致卡键
2. 前期在按键手感确认时需确认偏位极限样品在按压偏的时候是否会出现卡键问题",
PVT,硬件,A,开机红绿蓝,"1、开机红绿蓝：上电时序异常，屏幕进入自检模式。
2、插拔红绿蓝：插拔时复位信号受到瞬态电压干扰，出现红绿蓝","1、加EN控制1.2V 和1.8V供电
2、改善上拉电阻阻值，加对地电容",红绿蓝问题前期硬件设计要确认上电时序是否正常。,
PVT,硬件,A,"插千兆网线,TP无触摸",网线和HUb IC 硬件设计是同一路电源，插入网线，导致这一路电源超负荷，即HUB IC供电不足（整机功耗约900M毫安）,更改硬件，底板增加LDO单独给HUB IC 供电。,,
PVT,软件,A,"按压TP开机,出现划线断线不良(用力按压TP开机,百分百复现,重启后可恢复或等待一段时间后可自然恢复)",开机过程中受力挤压导致TP校准程序产生偏差，出现TP断线现象,"供应商修改IC FW, 待供应商提供具体改善报告",,
PVT,结构,A,"可靠性测试,高温存储后机器壳料变形",直播机壳体大，高温存储时，壳料受热变形度较大,塑胶原料更换由ABS变更为ABS+PC，重新测试OK.,"对于大体积大重量产品，结构设计时需考量高温条件下材料强度,结构设计时要加强",
DVT1,结构,A,"喇叭方向装偏不良41PCS,导致音频测试FAIL","1、结构设计不防呆，
2、只有标识区分，产线更换更换人员导致装错","1、硅胶加槽、硅胶增加定位孔
2、BOX增加指示位；SIT2已改善",针对有方向器件，前期研发做防错设计,
DVT2,结构,A,"转轴旋转测试1.8W次出现卡顿,无法旋转、不良率：1/4=25%",拆机后发现旋转底壳与底座面壳配合位摩擦损坏，导致转不动。,结构评估已经无法再调整及改善、存在售后质量风险，结构已输出无法优化的PPT,结构设计时考虑旋转底壳与底座面壳配合位摩擦损坏的风险,
DVT3,结构,A,B壳起翘,"1. B壳在高温条件下受热膨胀尺寸变大；
在高低温和温热存储的条件下,背胶失效,抗拉     及粘性不足
2. 供应商私自使用普通棉纸胶(图纸要求为积水泡棉胶-->后来经了解,是因为泡棉胶价格较高，而之前的报价是按普通棉纸胶的价格报价,该信息供应商并未告知我方）
","1. 试产时需导入相应的保压治具,以便更准确的判断可靠性测试的结果,增加风险识别率
2. B壳尺寸单边减小0.05MM且更改背胶型号和厚度，由原来的积水胶5760 T=0.15改为积水泡棉胶5225JSB T=0.25mm","1. 后续结构设计B壳与A壳侧边间隙0.15+/-0.07mm
2. 背胶统一使用积水泡棉胶5225JSB T=0.25mm或T=0.3MM
3. 已督处把该事项增加到结构部结构审查Check list中
",
DVT3,结构,A,"1.笔记本打开100-135度时,转轴盖与B件缝隙处漏齿轮/门牙(不局限角度,能看到或大或小的齿轮,门牙阴影约40%)
2.间隙标准0~0.2mm","1. 转轴盖在实际量产时,有喷涂前打磨去披锋的工序(将转轴盖的利边打掉了,即直角边打磨成了圆角边). 从圆角的缝隙里可看到B件的门牙/阴影
2. 设计冗余不够,设计上转轴盖遮住B件门牙的宽度为0.24mm,远小于由于物料尺寸公差，组装公差造成的偏差","临时对策:
1. 增加泡棉,將B件与转轴盖的缝隙尽量降低到0,以及挑选出打磨塌边的不良转轴盖来改善此问题
2. 注塑一批不打磨的转轴盖满足生产任务-->验证OK
长期对策：
转轴盖加胶0.2mm，加大转轴盖与B件的压边宽度,由0.24加大到0.44mm-->验证OK
","同类转轴盖或其他结构件在设计时,为防止露出内部的结构特征,需要遮住0.5mm以上",
DVT3,结构,A,"D件顶部两个螺丝易滑牙/打花
","此批来料,螺丝的十字花有两种花混料,与电批头不匹配
顶部螺母为铆接在转轴上的螺柱。为冲压铆接工艺，在压铆的过程中有将螺纹压变形现象，造成螺纹过紧，螺丝易打滑","临时对策：
1. 从仓库调用别的项目同规格的螺丝来使用；
2. 铆接螺母使用丝攻返工通一遍
","1.外观CD纹螺丝统一使用不锈钢410牌号,方便产线作业(该牌号可带磁性及可热处理加硬-->常规的不锈钢304不可做热处理加硬）
2. 当螺母为铆接螺母时,使用旋铆工艺,避免螺纹在铆接时变形.要求1.0-1.2kgf的扭力可顺畅通过螺丝
3. 已督处把该事项增加到结构部结构审查Check list中",
售后,物料,A,"2022年9月19日，收到传音售后团队反馈，X1项目售后累计有将近200多块SSD不良补售后备品，寄不良样品回来分析，原因是江波龙的SSD G700型号主控引脚锡裂导致SSD不读盘；

影响：X1项目SSD售后不良最终被定义为批量质量事故，导致客户市场对产品口碑的不良影响，最终按照批量事故处理，执行20W人民币的罚款；",,江波龙的SSD G700型号主控引脚锡裂导致SSD不读盘；不良图片如下图：,"临时对策：江波龙对售后备品G700主控和Flash进行点胶工艺，以提高产品的鲁棒性，降低BGA Crack的风险。

长期对策：因X1项目和G700型号SSD均已EOL,所以针对传音项目目前量产项目及后续在研项目的对应SSD均要求点胶后出货；","
1.SSD工艺上优化，主控抗弯折强度增加，主控四周增加点胶，以提高产品鲁棒性（Robust）；
点检人：袁新芳，负责SSD器件
点检时间：关键器件评审前点检；

2.强度可靠性测试规范优化：弯折测试要求23N 提升到30N
点检人：袁新芳，负责SSD器件
点检时间：新项目首次送样，弯折可靠性测试；


"
售后,物料,,"2022年12月1日 收到客户 印度市场售后反馈X2项目出现播放视频音画不同步异常机台46pcs

2022/12/2-12/20  抓取logo给到方案商亿道进行分析,根据亿道分析后提供的方案刷新OS驱动无法解决此问题。
2022/12/21 通过交叉验证发现音画不同步跟随江波龙VP1000 SSD，FW版本：1.16
2022/12/22 对机台进行FW升级，问题解决，新FW版本：1.25

影响：1.影响客户产品的口碑，2.售后不良数据提高，X2项目ARR返修率升高",,"最终定位到SSD原因为：X2项目icelake平台与江波龙SSD（FW ：V1.16）兼容性问题：
显卡/SSD共享PCIE通道，显卡驱动需要通过PCIe向内存加载画面信息，由于显卡驱动没有缓存机制或者显卡缓存较少，对PCIe访问的实时性要求较高。当SSD从低功耗恢复时，会对PCIe通道有一个9ms的占用，阻塞了显卡对画面数据的加载，导致音画不同步。

","临时对策：
1、针对icelake平台搭配V1.16版本，Longsys提供线下升级包，进行线下升级处理。
2、制定OTA推送升级方案，进行线上升级。
长期对策：
江波龙：
1、将PS4低功耗恢复时间的小于1ms以内，作为研发FW的技术基线。
2、通过集成测试用例，对将PS4低功耗恢复时间的进行卡控，确保后续FW进版不会超过指标。
亿道：
1、亿道梳理研发到生产整个流程的FW管理，不限于SSD的FW（包括屏 触摸板 摄像头等）；
2、新平台提供新平台的方案整机给江波龙进行测试验证SSD


","1.江波龙建立和完善一套FW版本升级验证流程规范：目前已量产项目和新项目的FW变更按照规范流程执行；
点检人：袁新芳，负责SSD器件
点检时间：FW版本ECN变更期间；


2.亿道研发测试制定各关键器件FW版本验证流程：关键器件有变更按照优化流程进行验证和验收


3.制定关键器件FW版本管理表，新项目各个阶段进行点检变更；
FW版本测试：王敏
管理表维护：李章科
维护时间：新项目进入下个进度前确认会议上
新平台样机提供江波龙：PM 刘会银
江波龙输出新平台验证报告给PM"
售后,物料,A,"2023年5月份收到传音印度地区有电池鼓包的问题反馈，客户安排寄回4片鼓包电池进行根本原因分析

影响：电池鼓包存在很大的安全隐患，影响客户的品牌，严重情况下需要承担一定的法律安全责任；",,"1.电芯R角开裂，芯在装胶框，人员按压电芯会导致电芯底部R角有损伤风险
2.电芯的表面有被刺破，铝塑膜破损空气水分渗入","1.PACK制程在2022-3-29后导入半自动线，生产工艺优化（电芯点焊保护板后装胶框改为电芯、保护板装胶框后再进行点焊，减少电芯在装胶框过程中损伤）   
                
2.电芯组成&激光焊下面岗位（焊点外观检查）需同步检查电芯有误压伤、破损、胀气、漏液不良","优化电芯装框的作业工艺:
目前已量产项目和新项目，电芯装框工艺由人工手动装框，优化为半自动装框，避免认为因素导致电芯损伤；
拦截策略的优化：
1.电芯组成&激光焊后增加CCD检查（焊点外观检查）检查电芯有误压伤、破损、胀气、漏液不良
2.后续电芯pack后100%增加48H高温老化，增加拦截效果
水平展开
后续导入电池二供，SQE指导并要求供应商执行对应优化方案，或二供提出更优的方案；

供应商改善对策监督：王倩芸
执行节点：月度现场稽核，二供导入
确认资料：电芯pack后48小时高温老化报告；
"
售后,软件,A,"2023年5月，传音客户印度试产反馈售后问题X2 PLUS(XL25)无法开机数量比较多，
客户从印度市场寄了6片主板回来进行深入分析；
影响：1.不开机问题影响客户产品的口碑，
2.售后不良数据提高，X2 plus项目ARR返修率升高
3.物料寄回的成本及人力投入分析成本有形成本增加；",,"EC 版本WU推送方式导致导致EC没有完全mirror成功
1、WU推送升级过程当中，存在0xFF 没有被擦除的坏块，导致EC不能够再次开机；","1.改善前：EC和BIOS是分别单体推送,有一定的概率导致BIOS升级失败

2.改善后：EC包在BIOS推送，BIOS SW mirrorEC","制定EC推送规则：
后续所有的EC版本 WU推送采用SW（软件） mirror方式推送
---执行人：软件部 朱利民
---执行节点：当接到需求有EC需要进行WU推送；"
EVT,结构,A,"2021年10月在比亚迪进行X2 EVT试产，发现有100%触摸板的弹性弱问题

影响：造成EVT试产的C壳进行进胶口返工；影响试产效率和进度；",NA,D壳内衬触控板区域有两个进胶点顶到C壳，导致按键的行程缩短，产生手感不良,"结构进行D壳进胶口修模更改进胶口位置，避开触摸板区域
",D壳内衬进胶口不能与C壳干涉
MP,结构,B,"2022年6月2日，X2项目在比亚迪量产过程中，比亚迪制程有反馈：发现同一位置耳机孔边缘有掉漆现象，问题比例：5%；
影响：同问题比例5%触发比亚迪停线规则，直接导致比亚迪停线了3天，影响量产进度和交期的延误；",,"耳机和耳机孔的同心度有一定的偏差，插拔过程中耳机金属端会磨损到耳机孔的侧边
","耳机孔扩大，由原来的耳机3.9mm 扩大孔径为4.4mm
","耳机孔直径作为一个结构设计规则：结构图纸设计C壳开口耳机座子的直径4.4mm~4.5mm数值，并在结构评审作为点检项；
点检人：结构工程师
点检时间：新项目结构评审节点
效果确认：各阶段EVT,DVT,PVT
效果确认人：NPI,DQE
确认输出：各阶段试产问题点报告是否有反馈耳机孔有点漆问题；"
DVT,硬件,A,"2022年8与19日 传音实验室进行DVT阶段浪涌测试，测试结果fail，没有达到客户要求；
影响：DVT需要重新改板，增加防浪涌设计器件TVS管，改板后需要重新复测，拉长了DVT测试 周期，项目进度拉长",,"主板硬件上设计没有增加防浪涌的器件
","改善对策：硬件设计改layout增加TVS管；
改善验证：改板2片，浪涌用测通过
执行人：硬件 汪川川
",硬件设计改layout增加TVS管
售后,物料,A,"2021年8月1日收到X1项目印度地区首返分析的充电器，主要问题是不充电
适配器厂商为吉宏达

影响：客户首个项目首单在印度地区销售，影响客户产品的口碑
",,传音首个笔电X1项目首次出印度地区，适配器选型和设计没有考虑到印度市场电压不稳定，电源设计上没有加耐高压元器件，高峰电压超过380V，导致充电器被烧坏，电容耐压不足，元器件损坏,"改善：
1、压敏471，由现在的470V改为561（耐压560V）;
2、两个电解：C1由原来的56UF/450V改为39UF/550V；C2由原来的33UF/450V改为27UF/550V;
3、X电容：由现在的275（275V）改为440V
4、MOS管:由原来的750V改为800V;

","适配器需要满足380V满载测试

"
售后,测试,A,"2021年8月1日收到X1项目印度地区首返分，问题现象为开机屏幕蓝屏，且此现象存在不稳定
影响：客户首个项目首单在印度地区销售，影响客户产品的口碑",,"1.压测过程中未复现，初步分析为DDR个体单体不良。DDR供应商为长鑫
2.跑memorytest测试工具过程报错
3.分析结论：DDR物料不良","
增加工厂出货前的拦截策略，在工厂测试老化测试中增加跑memorytest测试，
","

生产工厂老化测试工具中增加跑memorytest测试项
执行人：研发测试工程师 王敏
执行时间点：新项目各个阶段点检工具是否加入"
售后,结构,A,"2022年7月21日售后客服部首次接到传音售后团队反馈，X1项目转轴断裂有批量性问题，首次反馈数量60个断裂，后续市场上不断有数据反馈，转轴断裂的数据不断增加；
影响：
1,转轴断裂最终被定义为批量质量事故，产生对应的罚款
2.影响客户的品牌推广和口碑
3.售后成本增加",,"技术根因：
1、转轴固定支架折断力设计标准（SPEC：12kgf.cm）不满足整机系统需求。
2、转轴的材质选型,锌合金材质压铸成型的固定支架强度不足；
3、固定支架开孔过多导致强度减弱
管理根因：
1、研发阶段可靠性测试的样本数量少，无法充分暴露此风险问题；
2、此项目针对转轴可靠性标准要求摇摆20000万次，标准要求不足；
3、项目量产阶段未安排ORT例行可靠性测试，无法提前暴露此问题。
4、此项目研发时未有效进行风险识别，未识别到锌合金强度不足及开孔过多问题。
","短期方案：
转轴锌合金支架修模增加受力强度，锌合金固定支架整体加长加宽：（左转轴由30*13.4mm增加到30.2*13.6mm；右转轴由30.9*13.4mm增加到31.1*13.6mm）；靠近转轴位2个螺丝孔缩小（直径5.5减少为5.3mm）
长期方案：
a.转轴选型方面选择抗断抗破坏性强的材质，比如钣金件
b.研发阶段可靠性测试增加样本数量，原测试2pcs,增加到4pcs,同步增加极限测试用例 标准25000次，极限40000测试摸底；
c.如果有转轴外观上面需求必须选择锌合金，前期设计的强度的余量设计上要充足；
",后续新项目在转轴选型上面，转轴材质选用钣金材质
EVT,结构,A,"EVT阶段客户反馈试产样机有严重漏光问题，经DVT试产确认，漏光问题为100%。在DVT和PVT阶段从治具、压合、背胶、物料等各方面验证均未彻底改善。

影响：首单带病生产，使用客签限度样卡出15%漏光超标AB组件，因点胶工艺不易拆屏，造成大量物料损耗。同时也有终端用户因漏光问题导致退机，影响售后数据。",,"1. 此项目屏选型为IPS屏，受到外力后极易出现漏光现象
2. 屏单体来料已出现漏光，DVT试产时收集数据约52%超出ND8%标准
3. EVT/DVT阶段使用夹子进行保压，存在胶路保压不均导致屏粘接力不均的风险
4. 屏组件采用点胶工艺，点胶、保压制程的波动会导致屏受力不均匀产生漏光","点胶方案改善对策：
1. 拉通屏厂分析单体设计，通过变更粘LCD面的双面胶为门字型改善单体漏光效果
2. 调整屏下支撑泡棉尺寸及位置，使屏与A壳受力更均匀
3. 增加保压盒治具，以保证胶水固化时处于均匀状态
4. A壳点胶面内侧增加塑胶骨位，防止胶水溢到内侧屏上，同时平衡玻璃受压时的压力

导入以上对策后不良从100%下降至15%，依旧无法彻底改善，长期改善对策为用泡棉胶方案代替点胶方案，经验证不良率降至2%以下，改善对策有效，已长期导入。",IPS屏需要选用泡棉胶方案
DVT,结构,A,"Zero项目DVT阶段可靠性测试时，客户反馈振动测试后A壳脱胶，2F/2T，不良率100%

影响：DVT阶段重新打样测试，拉长DVT测试时间，影响PVT备料节奏",,"1. 排查壳料达因值符合要求
2. 排查点胶胶路、胶路压合符合要求
3. 进一步排查振动不良机器为做完温度变化后进行测试，分析环测后胶水粘性下降

为验证环测对粘接的影响，增加对比测试，A壳进行环测+振动、仅振动两组试验，结果为仅振动测试ok，环测+振动开胶，可以得出环境对胶水粘接力有负向影响",A壳五金与塑胶bonding区域增加镭雕以加强粘性，经验证效果ok,"壳料的五金与塑胶bonding区域增加镭雕以增加粘合力
---执行人：结构工程师
---执行时间：新项目结构设计阶段
---检查时间：结构评审、EVT/DVT/PVT可靠性测试"
DVT,结构,B,"DVT阶段跌落试验后C壳两侧变形造成D壳干涉外突，转轴盖左侧卡扣松间隙超0.3mm

影响：模具修模，影响项目进度",,"
1. C壳变形内凹：此位置无塑胶支撑，结构强度受限，整机重量大，跌落导致变形
2.转轴盖卡扣松：转轴盖卡扣扣合量不足，受跌落冲击后卡扣松开","
1. 针对C壳变形内凹，增加一个塑胶件bonding在转轴处支撑，验证效果ok
2. 针对转轴盖松，转轴盖扣合量由0.35改到0.5，验证效果ok","1. 对于有跌落要求的产品，需在不影响结构干涉的前提下增加塑胶骨位以增加结构强度，尤其是转轴位置
2. 为避免转轴盖制程/可靠性松脱，需在设计前期评估转轴盖扣合量（参考值：0.5）
---执行人：结构工程师
---执行时间：新项目结构设计阶段
---检查时间：结构评审、EVT/DVT/PVT可靠性测试"
DVT,结构,A,DVT阶段客户反馈送测的样机测试后发现1pcs屏不显示，连HDMI也无显示,,"1. 电源5V短路，再次定位为风扇电源对地短路，风扇拔掉就正常了
2. 通过单体测试，功能、噪音及转速、电流都没有问题都在规格内，但风扇外观有导线压破皮现象
3. 反向验证，将正常机器的风扇故意弄破，不良现象复现

经排查，此台机器为重新装机复测问题点机器，装机过程中风扇排线未理好导致压破排线，但大货依然有风险","1. C壳风扇出线槽单边加大1.0
2. 风扇出线口位置左右侧加刻度线，要求供应商线材出线位置不偏斜","结构设计需确认风扇出线在极限情况是否会与C壳干涉，可以通过以下两个方案增加余量：
①增加C壳出线槽宽度（参考值4.8）
②风扇出线口位置左右侧加刻度线，尽量缩小cable线活动范围
---执行人：结构工程师
---执行时间：新项目结构设计阶段
---检查时间：结构评审、EVT/DVT/PVT可靠性测试"
PVT,ESD,A,"PVT阶段客户反馈ESD测试时8kv耳机接口卡死，2F/2T，不良100%

影响：导致大货备料delay，影响项目进度",N/A,"初步排查：
1. PVT测试样机导电海棉的阻抗全部不达标（10-30Ω），我们要求是0.5欧以下；
2. C壳有一个Type-C底下没有镭雕，导电海绵贴上去不导通
供应商分析：
人：贴附泡棉处漏镭雕，作业员未发现直接贴泡棉导致流出；
机：镭雕破阳区域未导入变更后最新图档，造成产品此区域漏镭雕破阳；
法：变更后最新图，未做最新菲林片进行制程管控；
料：辅料泡棉入料，导通测试依照辅料厂测试报告进行验收；未再进行取料测试","亿道端：
1. 要求壳料全部按要求增加镭雕
2. 将不良物料退供应商，重新取阻值合格物料进行复测确认
3. 要求BYD IQC对ESD物料进行阻抗测试 
供应商端：
人：对作业人员进行培训，ACD产品贴附泡棉的镭雕区域增加SOP图示进行重点管控
机：镭雕破阳，开机之前确认镭雕区域比对标准样品与菲林
法：每次设变立即对图档进行发行，并制作最新菲林片，旧菲林进行回收报废；
料：a.辅料厂生产对导电布首件巡检末件的导通阻值重点管控不可超出0.5Ω；
b.IQC每批入料抽检ESD导通阻值不可大于0.5Ω；并记录留样管控追溯；
c.首批组装生产万用表全检，成品按照1.0Ω管控       
d.组装贴附的首件进行ESD导通测试，首末件测试记录，巡查频率5pcs/4H","壳料镭雕区域需要大于导电泡棉贴附面积，做到目视化防呆
---执行人：结构工程师
---执行时间：ESD方案确定后"
PVT,结构,A,"PVT试产装首件发现摄像头打不开，不良3F/5T，分析为排线元器件短路导致，临时使用美纹胶进行绝缘防护

影响：试产有漏贴现象，造成2pcs摄像头无功能，影响了试产样机产出的数量",N/A,摄像头排线表面有贴装元器件，元器件与A壳产生短路导致无功能,已要求排线来料增加绝缘麦拉胶纸覆盖元器件,"对于产品使用的排线（摄像头、屏、指纹、小板等），若表面有元器件裸露，需增加绝缘胶纸进行防护，避免发生短路问题
---执行人：结构工程师
---执行时间：新项目结构设计阶段
---检查时间：结构评审、EVT/DVT/PVT试产"
EVT,结构,A,"EVT阶段发现测试机器接TypeC适配器一面能充电，另外一面无法充电，不良率6F/11T

影响：机器需重新处理，影响EVT测试进度",N/A,小板无绝缘麦拉，D壳导电泡棉与typeC座子引脚附近的元器件产生短路，导致typeC无功能,"1. 增加绝缘麦拉胶纸，遮住座子引脚及附近的元器件，避免造成短路
2. BYD测试工具增加测试两面功能，有效拦截不良","1. 针对主板/小板上的绝缘麦拉，需有明确的定位或限位标志，避免员工未贴附到位导致出现不良
---执行人：结构工程师
---执行时间：新项目结构设计阶段
---检查时间：结构评审、EVT/DVT/PVT试产
2. 针对typeC接口，需评估双面测试方式，避免出现单侧不读不良流出
---执行人：测试工程师
---执行时间：EVT试产前"
首次量产,工艺,A,"2022年12月12日，Y1 PLUS项目在比亚迪首次量产，按照客户要求首单2K全检，发现C壳的I/O接口位置区域划伤，不良不良10%左右

影响：外观划伤不良需要进行返工，影响量产进度和交付周期",,"1.现场确认为USB口边缘划伤，根据此现象确认为USB口插拔过程中刮蹭造成；
2.根据不良制成排查在DL1、FCT、DL2工位均需要插拔USB，模拟不良使用USB插拔如斜插斜拔会刮蹭到C壳USB口而导致掉漆，正常垂直插拔不易刮蹭到USB口，因此确认为员工作业手法错误导致；","1.重新培训员工操作技巧和手法，跟进作业效果，要求员工严格按照SOP要求进行自检。
2.长期对策：壳料来料导入防护美纹胶纸；","喷漆件塑胶壳I/O接口增加美纹胶保护；
执行人：结构工程师
执行节点：模具开模评审
效果确认：新产品各阶段的试产
效果输出：试产问题点报告确认是否有I/O接口区域有划伤的问题
效果确认人：NPI工程师，DQE工程师"
"客户
反馈",结构,A,"2023年7月20日接到客户反馈，Zero笔记本在客户端使用中，有1台角度出现脱落，脱落现象如右图：

影响：Zero项目做完infinix旗舰机，客户体验差，影响对品牌的口碑影响大",,Zero的D壳为五金模具冲压成型，脚垫埋入的深度不够，相比塑胶件的埋入深度是,"改善对策：
1.脚垫的背胶由3M改成泡棉，
通过实验验证结果泡棉胶的效果比3M效果要好；
2.脚垫贴敷区域增加镭雕，增加背胶
3.同步与模厂评估是否可以改成双色工艺，这个结构确认回复，这个壳子改动特别大，建议在新机型上导入；","新项目在前期开模评审，脚垫设计为双色模工艺，通过热熔在壳子上面
执行人：结构工程师
执行节点：模具开模评审
效果确认：新产品各阶段的试产
效果输出：跟进试产和
效果确认人：NPI工程师，DQE工程师"
量产,工艺,A,"2023年7月26日，硬件去比亚迪现场分析主板功能不良，确认发现主板的元器件撞件问题居多，比例约占20%

影响：生产的直通率低，增加维修成本，同时有隐性的售后风险",,设计端做原因分析：目前的设计是元器件距离板边和螺丝柱的距离是1mm或1.5mm，更容易导致撞件风险,硬件优化设计规范：优化后元器件距离边缘和螺丝柱1.5mm以上；,"元器件距离螺丝柱1.5mm以上；
执行人：硬件工程师
执行节点：layout评审
效果确认：layout手板，EVT，DVT阶段确认"
DVT,结构,A,"2023年8月16日，Y3 MAX比亚迪是试产反馈到，喇叭功能不良2%，
分析发现喇叭线在电池螺丝柱位置压线了
影响：试产直通率低，喇叭功能不良，存在喇叭存在隐形不良隐患
",,设计端原因分析：喇叭线没有卡线槽，喇叭线通过主板麦拉进行固定，螺丝柱的位置没有麦拉固定位置，导致理线后有一定概率压到喇叭线的风险,临时对策：喇叭理线方式优化，改善前：喇叭理线走电池下方，改善后：喇叭理线走电池螺丝柱上方,"新项目结构上优化设计规范：
有喇叭线或者天线走线需要固定（卡槽或辅料）
点检人：结构和NPI
点检阶段：结构评审，手板，EVT"
MP,工艺,A,"2023年9月22日 Y3 MAX 在皓勤首单生产，客户发现我们锁主板螺丝工站没有使用防护治具
影响：1.容易打坏主板，成本损坏大 2.有螺丝掉落的风险，造成主板短路",,Y3 MAX首单导入皓勤生产，工程和NPI在治具清单中没有加上锁主板螺丝防护治具,"长期改善对策：1.NPI立即联络供应商制作防护治具，目前已完成：
2.生产SOP上面修改，备注必须使用检验治具：","1.主板防护治具作为治具必须项纳入生产治具清单中
2.建立新项目生产确认机制，治具清单为必确认项
3.NPI项目试产checklist增加治具检验项
4.IPQC巡检增加治具检验项
点检人：NPI,品质
点检阶段：EVT,DVT PVT,MP"
DVT,测试,A,"2023年11月29日，Y3 NEO项目在皓勤
 试产，老化测试中存在10%的比例S3/S4 卡在log问题
影响：导致老化测试需要重新进行跑",,"皓勤生产线用的RJ45转接头品牌存在多样性兼容性问题，导致在bios在PXE打开的情况下会出现卡logo现象
不同品牌的转接头的厂商的设备与驱动不匹配","临时对策：
1.手动关掉BIIO的，重新进行跑老化测试，老化结果OK

长期改善对策： 
在bios制作时设定在跑老化自动关掉PXE，跑完老化再重新打开
",测试用例需用增加工厂用的绿联品牌的RJ45转接器测试验证
EVT,硬件,A,IDN325项目EVT阶段16G DDR配置在标准速率3200MT/s下开机过程中卡死（在2400MT/s速率下可开机），不良率100%,," 1. 对比同机型的4G/8G配置无此问题，4G/8G DDR封装类型属于SDP，16G封装类型属于DDP，DDP对主板走线要求较高
 2. IDN325项目V1.0版参照Alder lake-P系列项目的线路设计，实际Alder lake-N平台的DDR走线与P平台有细微差别","临时对策：
通过飞线在每个CTRL信号拓扑的末端增加上拉电阻，经验证16G DDR配置可达到3200MT/s标准速率
长期对策：
通过layout在每个CTRL信号拓扑的末端增加上拉电阻，增强驱动能力",Alder lake-N平台的DDR走线（尤其是DDP封装类型），硬件线路设计时需评估走线能否满足开机速率，可以参考IDN325在每个CTRL信号拓扑的末端增加上拉电阻，增强驱动能力
PVT,软件,A,低温运行后机器出现关机现象，连接适配器开机提示低电,N/A,"目前充电逻辑为机器电量在大于90%的时候系统电量按照3~4分钟+1%的方式增加，不会强制与实际电量保持一致，在此阶段实际电量（电池电量）大于系统电量，因此机器不充电（实际电量低于系统电量时才会进行充电）。当跑满载时适配器功耗满足不了整机功耗，需要消耗电池电量，当电池电流超过-150mA时,系统电量会自动下降，直到持续下降到3%，BIOS识别电量低于3%时自动关机。",EC增加90%以上电量时系统电量与电池电量check机制，每分钟进行check使系统电量与电池电量保持一致，避免电量不一致导致不充电及低电关机,EC需增加电量check机制，避免系统电量与电池电量不一致产生关机、不充电等问题
MP,软件,A,"ZL513项目首单全检400pcs有3pcs Fn+F10无功能（相机打不开），比例0.75%
",N/A,相机打不开分析与OS相关，是应用在安装的过程中，建立服务失败，没有服务也就无法通过快捷键打开摄像头,更新OS，加入自动校验动作，如果服务没建立就自动修复，实在无法修复在DL2之后弹框报错拦截下来，避免流出终端,针对服务型的工具，在OS DL过程中加入自动校验动作
EVT,结构,B,"左高音喇叭线出线口与主板边干涉,锁喇叭固定螺丝后有压线风险",,设计时按照喇叭线径预留板边间隙，实际喇叭出线位置有点胶保护，出线位置较宽,喇叭出线位置进行修改，避开小板边缘,结构堆叠时喇叭出线口位置距离板边或其他器件至少2mm
EVT,软件,A,高温运行过程中电池不充电,N/A,电池在超过45℃时（电池反馈给EC的温度）有电池保护，不充电,经确认电池规格为60℃温度保护，与EC确认更改EC设置与电池保持一致，即按照60℃温度保护设定,EC设定电池保护温度时需要确认与电池规格书一致